paper_id	class_label
48766	Genetic_Algorithms
182093	Reinforcement_Learning
248425	Genetic_Algorithms
193742	Reinforcement_Learning
58268	Rule_Learning
260121	Neural_Networks
1131274	Probabilistic_Methods
1110947	Case_Based
153063	Probabilistic_Methods
69198	Neural_Networks
628815	Reinforcement_Learning
200630	Neural_Networks
39403	Reinforcement_Learning
282700	Neural_Networks
1105116	Probabilistic_Methods
124064	Reinforcement_Learning
1153866	Rule_Learning
1140040	Neural_Networks
1153891	Case_Based
12631	Neural_Networks
38771	Neural_Networks
23502	Neural_Networks
49660	Theory
1153148	Probabilistic_Methods
2354	Theory
1153933	Neural_Networks
93318	Neural_Networks
93320	Reinforcement_Learning
976334	Reinforcement_Learning
38846	Case_Based
4584	Reinforcement_Learning
417017	Case_Based
1107455	Reinforcement_Learning
6786	Probabilistic_Methods
1117653	Neural_Networks
1110426	Rule_Learning
1127812	Neural_Networks
1717	Probabilistic_Methods
591016	Rule_Learning
400473	Neural_Networks
644334	Probabilistic_Methods
1121398	Genetic_Algorithms
1112686	Probabilistic_Methods
159897	Probabilistic_Methods
593260	Genetic_Algorithms
88356	Probabilistic_Methods
136665	Reinforcement_Learning
3218	Rule_Learning
181782	Reinforcement_Learning
75318	Neural_Networks
1114153	Neural_Networks
248823	Reinforcement_Learning
6151	Reinforcement_Learning
10796	Case_Based
334153	Theory
160732	Rule_Learning
17242	Probabilistic_Methods
189721	Probabilistic_Methods
180373	Neural_Networks
6917	Rule_Learning
120084	Neural_Networks
221302	Case_Based
18777	Probabilistic_Methods
948299	Neural_Networks
753047	Theory
28957	Probabilistic_Methods
143323	Case_Based
4804	Theory
33303	Case_Based
13717	Rule_Learning
31927	Neural_Networks
1135368	Neural_Networks
189856	Probabilistic_Methods
18811	Probabilistic_Methods
26850	Neural_Networks
1110768	Neural_Networks
288	Reinforcement_Learning
6334	Case_Based
123825	Neural_Networks
1114388	Theory
90888	Neural_Networks
510715	Probabilistic_Methods
648232	Neural_Networks
1117249	Theory
27606	Theory
1152904	Neural_Networks
1120211	Neural_Networks
27627	Theory
19621	Neural_Networks
34979	Theory
928873	Neural_Networks
714748	Probabilistic_Methods
560936	Neural_Networks
375825	Probabilistic_Methods
1116629	Neural_Networks
77829	Case_Based
242663	Probabilistic_Methods
594387	Genetic_Algorithms
1127566	Probabilistic_Methods
211432	Theory
1113035	Neural_Networks
576973	Genetic_Algorithms
35797	Neural_Networks
644093	Probabilistic_Methods
12576	Genetic_Algorithms
1113828	Neural_Networks
1153056	Reinforcement_Learning
1153097	Neural_Networks
1109439	Neural_Networks
89547	Theory
131318	Neural_Networks
229635	Genetic_Algorithms
561809	Probabilistic_Methods
1131348	Neural_Networks
1130678	Neural_Networks
6639	Rule_Learning
99025	Neural_Networks
22886	Case_Based
1116842	Theory
1136447	Neural_Networks
1119708	Genetic_Algorithms
38845	Case_Based
193931	Neural_Networks
458439	Theory
102406	Theory
1129208	Theory
1132948	Neural_Networks
575795	Genetic_Algorithms
578645	Genetic_Algorithms
70970	Genetic_Algorithms
66556	Genetic_Algorithms
4649	Rule_Learning
1103960	Genetic_Algorithms
1107558	Probabilistic_Methods
70281	Neural_Networks
3220	Neural_Networks
20178	Case_Based
245955	Reinforcement_Learning
157761	Theory
15076	Neural_Networks
315266	Probabilistic_Methods
593329	Genetic_Algorithms
144701	Genetic_Algorithms
574462	Genetic_Algorithms
1119216	Probabilistic_Methods
1152714	Neural_Networks
141160	Neural_Networks
112813	Case_Based
815096	Neural_Networks
1152075	Theory
1117184	Case_Based
79809	Theory
70441	Case_Based
129558	Case_Based
42848	Genetic_Algorithms
82087	Genetic_Algorithms
39165	Probabilistic_Methods
1125992	Case_Based
1071981	Reinforcement_Learning
29723	Probabilistic_Methods
694759	Genetic_Algorithms
12347	Neural_Networks
519353	Probabilistic_Methods
1102761	Case_Based
110041	Genetic_Algorithms
1110024	Case_Based
1127430	Genetic_Algorithms
566664	Case_Based
27623	Neural_Networks
200480	Case_Based
649739	Neural_Networks
236759	Neural_Networks
1131167	Probabilistic_Methods
1106401	Theory
385251	Theory
1114442	Genetic_Algorithms
1126037	Neural_Networks
1126044	Neural_Networks
48764	Reinforcement_Learning
168958	Neural_Networks
308232	Rule_Learning
75691	Neural_Networks
1128201	Genetic_Algorithms
118873	Neural_Networks
509315	Genetic_Algorithms
40125	Probabilistic_Methods
5075	Case_Based
40135	Neural_Networks
711994	Neural_Networks
1153064	Theory
1129015	Genetic_Algorithms
990075	Case_Based
1154525	Rule_Learning
264556	Neural_Networks
1153853	Genetic_Algorithms
646334	Probabilistic_Methods
118259	Reinforcement_Learning
646357	Probabilistic_Methods
1153106	Neural_Networks
642798	Probabilistic_Methods
987197	Theory
1129111	Neural_Networks
1109566	Theory
1109581	Probabilistic_Methods
1153946	Neural_Networks
820661	Neural_Networks
820662	Theory
735303	Genetic_Algorithms
824245	Neural_Networks
195361	Reinforcement_Learning
187354	Rule_Learning
1132157	Probabilistic_Methods
58436	Case_Based
46887	Neural_Networks
57773	Rule_Learning
593155	Genetic_Algorithms
1108175	Neural_Networks
521269	Case_Based
177993	Genetic_Algorithms
235670	Rule_Learning
235679	Rule_Learning
220420	Genetic_Algorithms
645016	Probabilistic_Methods
11337	Theory
1138755	Neural_Networks
59244	Case_Based
1105360	Rule_Learning
4637	Theory
459214	Genetic_Algorithms
1108209	Genetic_Algorithms
66564	Genetic_Algorithms
593201	Genetic_Algorithms
107569	Neural_Networks
1026	Genetic_Algorithms
1136631	Theory
948147	Neural_Networks
1111265	Neural_Networks
12165	Theory
1121459	Case_Based
1120786	Neural_Networks
1112767	Neural_Networks
160705	Neural_Networks
57922	Theory
259772	Case_Based
189774	Probabilistic_Methods
1130243	Probabilistic_Methods
18785	Probabilistic_Methods
33325	Theory
1125906	Probabilistic_Methods
1237	Neural_Networks
1112106	Neural_Networks
1117920	Probabilistic_Methods
10186	Theory
576795	Genetic_Algorithms
116512	Neural_Networks
74821	Probabilistic_Methods
116545	Genetic_Algorithms
116552	Genetic_Algorithms
1140548	Neural_Networks
628667	Reinforcement_Learning
102061	Genetic_Algorithms
255628	Neural_Networks
616336	Rule_Learning
1152958	Neural_Networks
34961	Neural_Networks
102879	Theory
102884	Theory
4274	Case_Based
767763	Theory
1128975	Genetic_Algorithms
